{"cameraMode":{"drawMode":0,"name":"Shaded","section":"Shading Mode"},"sceneLighting":true,"audioPlay":false,"sceneViewState":{"showFog":true,"showMaterialUpdate":false,"showSkybox":true,"showFlares":true,"showImageEffects":true,"showParticleSystems":true},"in2DMode":false,"pivot":{"x":-5.657513618469238,"y":0.3735302686691284,"z":6.676401138305664},"rotation":{"x":-0.07448028028011322,"y":-0.5180655121803284,"z":0.0453471839427948,"w":-0.8508902192115784},"size":4.789462566375732,"orthographic":false}